id,age,gender,bmi,smoker,income,education,health_status
1000000,61,Female,22.7,1,6.55,None,Fair
1000001,63,Male,24.0,1,6.55,Tertiary,Fair
1000002,66,Male,23.4,1,8.5,Tertiary,Poor
1000003,40,Female,19.4,1,6.55,Primary,Fair
1000004,69,Female,28.1,1,6.4,Primary,Good
1000005,57,Female,34.1,1,7.1,Tertiary,Good
1000006,55,Male,31.3,0,7.0,Primary,Invalid
1000007,48,Male,32.8,1,1.218,None,Poor
1000008,58,Female,19.8,0,5.4,Tertiary,Excellent
1000009,61,Male,38.9,1,5.3,Primary,Fair
1000010,44,Female,36.4,0,10.3,Secondary,Fair
1000011,66,Female,35.7,1,7.0,Tertiary,Excellent
1000012,41,Male,36.1,1,5.1,Tertiary,Fair
1000013,69,Female,38.5,0,5.7,Secondary,Excellent
1000014,54,Male,30.0,1,9.1,None,Poor
1000015,46,Male,22.4,1,5.4,Secondary,Good
1000016,43,Female,31.6,1,6.55,Tertiary,Poor
1000017,40,Male,34.3,0,5.2,None,Good
1000018,52,Female,34.2,1,8.8,Primary,Excellent
1000019,59,Male,29.5,0,7.5,Primary,Good
1000020,61,Male,19.5,1,6.1,Primary,Poor
1000021,46,Male,26.2,1,6.6,Tertiary,Good
1000022,54,Female,38.3,0,6.55,Secondary,Excellent
1000023,62,Male,30.9,1,5.4,None,Good
1000024,53,Female,29.8,1,6.55,Primary,Fair
1000025,62,Male,23.9,0,5.1,None,Poor
1000026,58,Male,26.1,1,10.0,Tertiary,Fair
1000027,61,Female,37.7,0,2.8,Primary,Excellent
1000028,68,Female,32.7,0,3.9,Tertiary,Good
1000029,63,Female,35.3,0,6.55,Secondary,Fair
1000030,59,Female,28.0,1,1.6,Tertiary,Fair
1000031,68,Female,31.9,0,6.55,Tertiary,Good
1000032,63,Male,23.5,0,4.1,Secondary,Good
1000033,57,Male,33.5,1,11.3,None,Poor
1000034,49,Female,27.4,0,5.2,Secondary,Fair
1000035,48,Male,27.7,1,9.9,Secondary,Fair
1000036,64,Male,32.3,1,8.9,Tertiary,Excellent
1000037,47,Male,38.6,1,5.4,None,Poor
1000038,65,Female,19.4,1,11.429999999999996,Primary,Excellent
1000039,69,Male,36.1,0,6.8,Secondary,Fair
1000040,68,Male,24.4,0,10.5,None,Excellent
1000041,49,Male,27.8,0,10.2,Secondary,Fair
1000042,56,Female,18.5,0,7.2,Secondary,Fair
1000043,41,Male,24.6,0,8.3,Secondary,Excellent
1000044,45,Male,29.1,1,7.9,Secondary,Excellent
1000045,65,Female,19.2,0,2.6,Tertiary,Good
1000046,44,Female,28.8,0,6.2,None,Good
1000047,67,Male,38.4,0,9.2,None,Good
1000048,69,Male,20.3,1,10.6,None,Fair
1000049,48,Female,34.8,1,3.8,Secondary,Excellent
1000050,44,Female,27.0,0,7.6,Tertiary,Poor
1000051,57,Female,32.4,1,6.5,Secondary,Fair
1000052,65,Female,23.7,0,6.55,Secondary,Poor
1000053,59,Female,21.5,0,7.1,None,Excellent
1000054,48,Female,21.5,1,6.7,Secondary,Fair
1000055,56,Female,19.6,1,7.6,Primary,Poor
1000056,66,Male,22.1,0,10.3,Secondary,Poor
1000057,56,Female,32.6,0,8.4,Primary,Good
1000058,51,Female,37.4,1,6.9,Secondary,Good
1000059,46,Male,35.9,0,6.55,Tertiary,Good
1000060,66,Female,33.1,1,9.3,Tertiary,Fair
1000061,42,Female,20.4,0,5.7,None,Excellent
1000062,49,Male,24.4,1,2.3,Secondary,Excellent
1000063,41,Female,24.8,0,3.0,Primary,Good
1000064,64,Male,23.5,0,8.8,Primary,Good
1000065,42,Male,29.3,1,4.1,Secondary,Good
1000066,55,Male,29.8,0,3.0,Primary,Poor
1000067,41,Male,25.9,0,3.7,Tertiary,Good
1000068,67,Female,25.8,1,3.9,Primary,Poor
1000069,63,Male,36.2,0,8.6,None,Excellent
1000070,49,Male,35.4,0,5.5,Tertiary,Fair
1000071,45,Female,24.8,0,6.55,Tertiary,Fair
1000072,61,Male,38.1,1,6.1,Tertiary,Fair
1000073,65,Male,60.38310971102506,1,6.7,Secondary,Fair
1000074,50,Male,61.32330377668881,1,4.6,Secondary,Poor
1000075,62,Male,25.8,0,6.55,Tertiary,Poor
1000076,46,Female,29.1,0,4.7,Secondary,Good
1000077,66,Male,38.7,0,9.3,Primary,Poor
1000078,68,Female,37.3,0,7.8,Secondary,Good
1000079,54,Female,20.3,1,8.8,Secondary,Good
1000080,45,Male,26.6,0,2.7,Tertiary,Fair
1000081,59,Male,30.2,0,6.3,None,Poor
1000082,66,Male,29.1,0,5.8,None,Poor
1000083,48,Male,22.3,1,1.7,None,Good
1000084,61,Female,36.9,0,9.3,Primary,Good
1000085,59,Female,32.9,0,3.5,Secondary,Excellent
1000086,51,Female,36.4,0,4.2,None,Excellent
1000087,58,Male,36.9,0,3.0,Tertiary,Good
1000088,59,Female,34.5,0,8.1,None,Excellent
1000089,42,Male,27.7,1,1.4,None,Excellent
1000090,54,Male,31.4,0,7.9,Secondary,Good
1000091,41,Male,21.5,0,9.1,Secondary,Good
1000092,69,Male,32.8,0,7.6,Secondary,Poor
1000093,60,Male,21.9,0,8.1,Primary,Good
1000094,41,Female,33.3,0,8.3,Primary,Good
1000095,61,Female,61.38753524251702,0,3.2,None,Fair
1000096,42,Male,20.6,0,10.3,Secondary,Poor
1000097,45,Female,21.6,0,4.6,None,Poor
1000098,54,Male,18.495,0,5.8,Tertiary,Poor
1000099,66,Male,33.8,0,5.0,Tertiary,Fair
